Date Available Online,LCDS Author,Paper Title,Journal Name,Citation Count,Publication Type,DOI
2026-02-27,Antonino Polizzi,Temporary Shock or Lasting Scar? Life Expectancy Trajectories Since COVID-19,Preprint,0,Preprint,https://doi.org/10.64898/2026.02.25.26347112
2026-02-05,José Manuel Aburto,"Mortality from Homicides, Road Traffic Accidents, and Suicides and Their Impact on Life Expectancy and Lifespan Inequality in Brazil, 2010-2023: A Population Level Demographic Study",Preprint,0,Preprint,https://doi.org/10.2139/ssrn.6172580
2026-02-02,Aashish Gupta,Uncertainty about maternal mortality in India: New estimates from the National Family Health Survey,Preprint,0,Preprint,https://doi.org/10.31235/osf.io/8as72_v2
2026-01-27,David Kirk,"Updated Estimates of the Global, Regional and National Burden, and Etiology of Diarrheal Diseases Transmissible via Food: A Systematic Review and Meta-Analytical Modelling Study for the World Health Organization",Preprint,0,Preprint,https://doi.org/10.64898/2026.01.26.26344508
2025-12-31,Cecilia Lindgren,Individuals whose phenotype deviates from genetic expectation defined by common variation are enriched for rare damaging variants in genes that cause rare disease,Preprint,0,Preprint,https://doi.org/10.64898/2025.12.30.25343229
2025-12-24,Cecilia Lindgren,Biologically Inspired Digital Histology for Deep Phenotyping of Placental Composition Changes Across Major Lesion Types,Preprint,0,Preprint,https://doi.org/10.64898/2025.12.22.693945
2025-12-22,Édith Darin,"Demographic figures at risk in the digital era: Resisting commodification, reclaiming the common good",Big Data &amp; Society,0,Journal Article,https://doi.org/10.1177/20539517251403948
2025-12-18,Douglas Leasure,Advances in Small Area Population Estimation in the Absence of National Census Data,Preprint,0,Preprint,https://doi.org/10.20944/preprints202506.1625.v2
2025-12-04,Joshua Wilde,Editors' Note on the December 2025 Issue,Population and Development Review,0,Journal Article,https://doi.org/10.1111/padr.70041
2025-10-31,Daniel Zazueta-Borboa,Assessing the Accuracy of ARIMA and Hamilton-Perry Models to Forecast Population at the Intra-urban Level in Greater Mexico City,Preprint,0,Preprint,https://doi.org/10.31235/osf.io/ngkzr_v2
2025-10-23,Joshua Wilde,Ambient air pollution and the sex ratio at birth: a systematic review and narrative synthesis,Preprint,0,Preprint,https://doi.org/10.1101/2025.10.21.25338487
2025-10-16,Daniel Zazueta-Borboa,"The Contribution of Educational Expansion to Trends in Life Expectancy and Lifespan Variation in England and Wales, Finland, and Italy (Turin)",Demography,1,Journal Article,https://doi.org/10.1215/00703370-12270715
2025-10-14,Douglas Leasure,Mapping subnational gender gaps in internet and mobile adoption using social media data,Proceedings of the National Academy of Sciences,1,Journal Article,https://doi.org/10.1073/pnas.2416624122
2025-09-29,David Kirk,Text message surveillance for rapid <i>salmonella</i> outbreak detection: a novel public health approach,Epidemiology and Infection,0,Journal Article,https://doi.org/10.1017/s0950268825100617
2025-09-04,Édith Darin,"Tackling public health data gaps through Bayesian high-resolution population estimation: A case study of Kasaï-Oriental, Democratic Republic of the Congo",PLOS Global Public Health,0,Journal Article,https://doi.org/10.1371/journal.pgph.0005072
2025-08-30,Sander Wagner,Saturated fat from dairy sources and cardio-metabolic health: insights from the STANISLAS cohort,European Journal of Nutrition,0,Journal Article,https://doi.org/10.1007/s00394-025-03763-1
2025-08-27,Wen Su,Follow‐Up of Children Born to Mothers in Folic Acid Clinical Trial (<scp>FACT</scp> 4 Child): A Prospective Cohort Study Based on a Double‐Blinded Randomised Controlled Trial,BJOG: An International Journal of Obstetrics &amp; Gynaecology,0,Journal Article,https://doi.org/10.1111/1471-0528.18341
2025-08-04,Aashish Gupta,Widow and Widower Mortality in India: A Research Note,Demography,1,Journal Article,https://doi.org/10.1215/00703370-12177893
2025-08-01,Édith Darin,How Accurate Are High Resolution Settlement Maps at Predicting Population Counts in Data Scarce Settings?,"Population, Space and Place",1,Journal Article,https://doi.org/10.1002/psp.70083
2025-07-17,Aashish Gupta,"Externalities of polluting cooking fuels, gender, and adult cognitive health in Low- and Middle-Income countries",Preprint,0,Preprint,https://doi.org/10.31235/osf.io/73nyb_v1
2025-07-12,Aashish Gupta,Will the Government Finally Acknowledge the Scale of India’s COVID-19 Tragedy?,Preprint,1,Preprint,https://doi.org/10.31235/osf.io/uzqyp_v1
2025-06-21,Aashish Gupta,"Externalities of polluting cooking fuels, gender, and adult cognitive health in low- and middle-income countries",American Journal of Epidemiology,0,Journal Article,https://doi.org/10.1093/aje/kwaf133
2025-06-20,Douglas Leasure,Advances in Small Area Population Estimation in the Absence of National Census Data,Preprint,0,Preprint,https://doi.org/10.20944/preprints202506.1625.v1
2025-06-19,Aashish Gupta,Widow and Widower Mortality in India: A Research Note,Preprint,0,Preprint,https://doi.org/10.31235/osf.io/9ty4z_v3
2025-06-10,Sander Wagner,Toxic microbiome and progression of chronic kidney disease: insights from a longitudinal CKD-Microbiome Study,Gut,17,Journal Article,https://doi.org/10.1136/gutjnl-2024-334634
2025-06-10,Aashish Gupta,Widow and Widower Mortality in India: A Research Note,Preprint,0,Preprint,https://doi.org/10.31235/osf.io/9ty4z_v1
2025-06-02,Daniel Zazueta-Borboa,The contribution of education-specific mortality trends to the life expectancy stagnation in England &amp; Wales,European Journal of Epidemiology,2,Journal Article,https://doi.org/10.1007/s10654-025-01251-8
2025-05-22,José Manuel Aburto,Evolution of Life Expectancy and Lifespan Variation in Sub-Saharan Africa,Preprint,1,Preprint,https://doi.org/10.1101/2025.05.20.25328051
2025-05-14,Ilya Kashnitsky,Non‐Survival to Pension Age in Denmark and Sweden: A Sub‐National Investigation,"Population, Space and Place",0,Journal Article,https://doi.org/10.1002/psp.70046
2025-05-08,Sander Wagner,Metabolomic Signature of Dietary Potassium Intake,Clinical Journal of the American Society of Nephrology,0,Journal Article,https://doi.org/10.2215/cjn.0000000720
2025-04-26,Aashish Gupta,A gender gap in happiness: Documenting a puzzle from Indian survey data,Preprint,0,Preprint,https://doi.org/10.31235/osf.io/yvbmd_v1
2025-04-25,Ilya Kashnitsky,Non-survival to pension age in Denmark and Sweden: a sub-national investigation,Preprint,0,Preprint,https://doi.org/10.31219/osf.io/y9ke4_v2
2025-04-16,Daniel Zazueta-Borboa,"The impact of violence and COVID-19 on Mexico’s life-expectancy losses and recent bounce-back, 2015–22",International Journal of Epidemiology,7,Journal Article,https://doi.org/10.1093/ije/dyaf034
2025-04-14,Cecilia Lindgren,Genome-wide analyses identify 25 infertility loci and relationships with reproductive traits across the allele frequency spectrum,Nature Genetics,12,Journal Article,https://doi.org/10.1038/s41588-025-02156-8
2025-03-28,Jakub Bijak,Probabilistic projections of distributions of kin over the life course,Preprint,1,Preprint,https://doi.org/10.1101/2025.03.24.644937
2025-03-23,Hannaliis Jaadla,The Migration of East European Women to England and Wales in the Late Nineteenth and Early Twentieth Centuries and Demographic Change,Palgrave Studies in Gender and Migration,0,Journal Article,https://doi.org/10.1007/978-3-031-73982-8_13
2025-03-12,Joshua Wilde,"Editors' Note on <i>Looking Backward, Looking Forward: Celebrating 50 Years of Population and Development Review</i>",Population and Development Review,0,Journal Article,https://doi.org/10.1111/padr.70002
2025-02-27,Douglas Leasure,Mapping subnational gender gaps in internet and mobile adoption using social media data,Preprint,2,Preprint,https://doi.org/10.31235/osf.io/qnzsw_v2
2025-02-27,Douglas Leasure,Mapping subnational gender gaps in internet and mobile adoption using social media data,Preprint,0,Preprint,https://doi.org/10.31235/osf.io/qnzsw_v1
2025-02-18,Édith Darin,How accurate are high resolution settlement maps at predicting population counts in data scarce settings?,Preprint,0,Preprint,https://doi.org/10.31219/osf.io/pz38h_v1
2025-02-17,Sander Wagner,Association between ultra-processed food consumption and inflammation: insights from the STANISLAS cohort,European Journal of Nutrition,7,Journal Article,https://doi.org/10.1007/s00394-025-03607-y
2025-01-30,Édith Darin,"Tackling public health data gaps through Bayesian high-resolution population estimation: a case study of Kasaï-Oriental, Democratic Republic of the Congo",Preprint,0,Preprint,https://doi.org/10.12688/verixiv.503.1
2025-01-10,Jakub Bijak,Mixed-frequency VAR: a new approach to forecasting migration in Europe using macroeconomic data,Data &amp; Policy,1,Journal Article,https://doi.org/10.1017/dap.2024.82
2024-12-19,Aashish Gupta,"Indirect effects of the COVID-19 pandemic: A cause-of-death analysis of life expectancy changes in 24 countries, 2015 to 2022",PNAS Nexus,9,Journal Article,https://doi.org/10.1093/pnasnexus/pgae508
2024-12-18,Jakub Bijak,From Uncertainty to Policy: concluding remarks,From Uncertainty to Policy: A Guide to Migration Scenarios,0,Journal Article,https://doi.org/10.4337/9781035319800.00024
2024-12-18,Jakub Bijak,Sources of uncertainty in migration scenarios,From Uncertainty to Policy: A Guide to Migration Scenarios,1,Journal Article,https://doi.org/10.4337/9781035319800.00012
2024-12-18,Jakub Bijak,From Uncertainty to Policy: A Guide to Migration Scenarios,Preprint,4,Journal Article,https://doi.org/10.4337/9781035319800
2024-12-18,Jakub Bijak,Collecting evidence: ingredients of scenario-building,From Uncertainty to Policy: A Guide to Migration Scenarios,0,Journal Article,https://doi.org/10.4337/9781035319800.00010
2024-12-18,Jakub Bijak,References,From Uncertainty to Policy: A Guide to Migration Scenarios,0,Journal Article,https://doi.org/10.4337/9781035319800.00025
2024-12-18,Jakub Bijak,Estimating European migration flows,From Uncertainty to Policy: A Guide to Migration Scenarios,0,Journal Article,https://doi.org/10.4337/9781035319800.00014
2024-12-18,Jakub Bijak,Glossary of key terms,From Uncertainty to Policy: A Guide to Migration Scenarios,0,Journal Article,https://doi.org/10.4337/9781035319800.00027
2024-12-18,Jakub Bijak,"Introduction: migration uncertainty, policy and scenarios",From Uncertainty to Policy: A Guide to Migration Scenarios,0,Journal Article,https://doi.org/10.4337/9781035319800.00009
2024-12-18,Jakub Bijak,Ways of dealing with uncertainty in migration scenarios,From Uncertainty to Policy: A Guide to Migration Scenarios,0,Journal Article,https://doi.org/10.4337/9781035319800.00016
2024-12-18,Jakub Bijak,Migration drivers across time and space: selected examples,From Uncertainty to Policy: A Guide to Migration Scenarios,1,Journal Article,https://doi.org/10.4337/9781035319800.00013
2024-12-18,Jakub Bijak,Index,From Uncertainty to Policy: A Guide to Migration Scenarios,0,Journal Article,https://doi.org/10.4337/9781035319800.00028
2024-12-18,Jakub Bijak,Setting scenarios: combining numbers and stories,From Uncertainty to Policy: A Guide to Migration Scenarios,0,Journal Article,https://doi.org/10.4337/9781035319800.00017
2024-12-18,Jakub Bijak,Online resources,From Uncertainty to Policy: A Guide to Migration Scenarios,0,Journal Article,https://doi.org/10.4337/9781035319800.00026
2024-12-11,Joshua Wilde,Editors' Note on the December 2024 Issue,Population and Development Review,0,Journal Article,https://doi.org/10.1111/padr.12703
2024-12-11,Melinda Mills,"Declining appeal of marriage? Trends in marital intentions in South Korea, 1991–2018",Asian Population Studies,0,Journal Article,https://doi.org/10.1080/17441730.2024.2428026
2024-12-03,Joshua Wilde,"Senderowicz and Maloney (2022): Comment, Rejoinder, and Erratum",Population and Development Review,0,Journal Article,https://doi.org/10.1111/padr.12704
2024-11-27,Joshua Wilde,Economic Foundations of Contraceptive Transitions: Theories and a Review of the Evidence,Population and Development Review,0,Journal Article,https://doi.org/10.1111/padr.12690
2024-11-12,Melinda Mills,"Reply: Birth rate decline, COVID-19 pandemic, and vaccination programmes",Human Reproduction Open,0,Journal Article,https://doi.org/10.1093/hropen/hoae068
2024-11-05,Antonino Polizzi,Progress Stalled? The Uncertain Future of Mortality in High‐Income Countries,Population and Development Review,7,Journal Article,https://doi.org/10.1111/padr.12687
2024-11-05,Antonino Polizzi,An integrated formal demographic fertility framework,Preprint,0,Preprint,https://doi.org/10.31235/osf.io/mr726
2024-11-05,Daniel Zazueta-Borboa,Assessing the Accuracy of ARIMA and Hamilton-Perry Models to Forecast Population at the Intra-urban Level in Greater Mexico City,Preprint,0,Preprint,https://doi.org/10.31235/osf.io/ngkzr
2024-11-04,Wen Su,The Incidence of Postpartum Post‐Traumatic Stress Disorder in Women Exposed to Adverse Childhood Experiences: A Systematic Review and Meta‐Analysis,Birth,2,Journal Article,https://doi.org/10.1111/birt.12871
2024-10-29,Daniel Zazueta-Borboa,"Economic Disadvantage During Childhood, Obesity, and Diabetes Across Three Birth Cohorts of Older Mexicans","The Journals of Gerontology, Series B: Psychological Sciences and Social Sciences",2,Journal Article,https://doi.org/10.1093/geronb/gbae178
2024-10-29,Jakub Bijak,Investigating immersion and migration decisions for agent-based modelling: A cautionary tale,Open Research Europe,0,Journal Article,https://doi.org/10.12688/openreseurope.15581.3
2024-10-22,Daniel Zazueta-Borboa,"De líderes a rezagados: el deterioro de la esperanza de vida en las edades avanzadas en México frente a otros países de América Latina y el Caribe, 1990-2019",Revista Latinoamericana de Población,2,Journal Article,https://doi.org/10.31406/relap2024.v.18e202343
2024-10-07,Jakub Bijak,Mapping secondary data gaps for social simulation modelling: A case study of the journeys of Syrian asylum seekers to Europe,Open Research Europe,0,Journal Article,https://doi.org/10.12688/openreseurope.15583.2
2024-10-05,Édith Darin,Mapping refugee populations at high resolution by unlocking humanitarian administrative data,Journal of International Humanitarian Action,1,Journal Article,https://doi.org/10.1186/s41018-024-00157-6
2024-09-26,Aashish Gupta,Violence against women in India:  Levels and trends of incidence and reporting,Preprint,0,Preprint,https://doi.org/10.31235/osf.io/n2x9w
2024-09-22,Cecilia Lindgren,Combining evidence from human genetic and functional screens to identify pathways altering obesity and fat distribution,Preprint,2,Preprint,https://doi.org/10.1101/2024.09.19.24313913
2024-09-19,Wen Su,The Association Between Doula Care and Childbirth‐Related Post‐Traumatic Stress Disorder Symptoms: The Mediating Role of Childbirth Experience,Birth,4,Journal Article,https://doi.org/10.1111/birt.12874
2024-09-06,Melinda Mills,"Birth rate decline in the later phase of the COVID-19 pandemic: the role of policy interventions, vaccination programmes, and economic uncertainty",Human Reproduction Open,18,Journal Article,https://doi.org/10.1093/hropen/hoae052
2024-08-22,Joshua Wilde,Temperature and fertility: Evidence from Spain,Population Studies,8,Journal Article,https://doi.org/10.1080/00324728.2024.2382152
2024-08-15,Douglas Leasure,Mapping subnational gender gaps in internet and mobile adoption using social media data,Preprint,0,Preprint,https://doi.org/10.31235/osf.io/qnzsw
2024-08-07,Douglas Leasure,Social capital mediates knowledge gaps in informing sexual and reproductive health behaviours across Africa,Social Science &amp; Medicine,0,Journal Article,https://doi.org/10.1016/j.socscimed.2024.117159
2024-08-07,Jakub Bijak,Simulation studies of social systems: telling the story based on provenance patterns,Royal Society Open Science,3,Journal Article,https://doi.org/10.1098/rsos.240258
2024-08-04,José Manuel Aburto,Human populations with low survival at advanced ages and postponed fertility reduce long-term growth in high inflation environments,Preprint,1,Preprint,https://doi.org/10.1101/2024.07.31.606043
2024-08-02,Cecilia Lindgren,Genome-wide analysis identifies 66 variants underlying anatomical variation in human neuroendocrine structures and reveals links to testosterone,Preprint,0,Preprint,https://doi.org/10.1101/2024.08.01.24311295
2024-07-30,Joshua Wilde,Digital Trace Data and Demographic Forecasting: How Well Did Google Predict the US COVID‐19 Baby Bust?,Population and Development Review,4,Journal Article,https://doi.org/10.1111/padr.12647
2024-07-26,Jakub Bijak,European migration governance in the context of uncertainty,International Migration,4,Journal Article,https://doi.org/10.1111/imig.13308
2024-07-23,Cecilia Lindgren,Enhancing Cross-Institute Generalisation of GNNs in Histopathology Through Multiple Embedding Graph Augmentation (MEGA),Lecture Notes in Computer Science,1,Journal Article,https://doi.org/10.1007/978-3-031-66958-3_20
2024-07-19,Aashish Gupta,Large and unequal life expectancy declines during the COVID-19 pandemic in India in 2020,Science Advances,8,Journal Article,https://doi.org/10.1126/sciadv.adk2070
2024-07-17,Joshua Wilde,Fertility and Family Dynamics in the Aftermath of the COVID‐19 Pandemic,Population and Development Review,9,Journal Article,https://doi.org/10.1111/padr.12648
2024-07-15,Wen Su,Interventions for intimate partner violence during the perinatal period: A scoping review,Campbell Systematic Reviews,5,Journal Article,https://doi.org/10.1002/cl2.1423
2024-06-08,Antonino Polizzi,Why is life expectancy in England and Wales falling behind? A cause-of-death decomposition approach.,Preprint,3,Preprint,https://doi.org/10.31235/osf.io/caswv
2024-06-07,Antonino Polizzi,"The impact of early death on birth counts in the United States, 1950 to 2019",PNAS Nexus,5,Journal Article,https://doi.org/10.1093/pnasnexus/pgae058
2024-05-31,Jakub Bijak,Assessing Timely Migration Trends Through Digital Traces: A Case Study of the UK Before Brexit,International Migration Review,11,Journal Article,https://doi.org/10.1177/01979183241247009
2024-05-08,Daniel Zazueta-Borboa,Mexico’s surge of violence and COVID-19 drive life expectancy losses 2015–2021,Preprint,1,Preprint,https://doi.org/10.1101/2024.05.07.24306982
2024-04-28,Melinda Mills,"Fertility decline in the later phase of the COVID-19 pandemic: The role of policy interventions, vaccination programmes, and economic uncertainty",Preprint,7,Preprint,https://doi.org/10.1101/2024.04.26.24306444
2024-04-10,Antonino Polizzi,Changing Kinship Structures in East and West Germany Before and After Reunification,Preprint,0,Preprint,https://doi.org/10.31235/osf.io/6bf7k
2024-03-28,José Manuel Aburto,"The Lifetime Risk of Maternal Near Miss morbidity in Asia, Africa, the Middle East, and Latin America: a cross-country systematic analysis",Preprint,0,Preprint,https://doi.org/10.1101/2024.03.26.24304883
2024-03-20,Sander Wagner,Dietary inflammatory potential and arterial stiffness in a French cohort: Insights from the STANISLAS study,"Nutrition, Metabolism and Cardiovascular Diseases",3,Journal Article,https://doi.org/10.1016/j.numecd.2024.03.022
2024-02-26,Douglas Leasure,Publisher Correction: Offshoring emissions through used vehicle exports,Nature Climate Change,0,Journal Article,https://doi.org/10.1038/s41558-024-01965-9
2024-02-20,Douglas Leasure,Offshoring emissions through used vehicle exports,Nature Climate Change,9,Journal Article,https://doi.org/10.1038/s41558-024-01943-1
2024-02-01,David Kirk,"A pilot study using hospital surveillance and a birth cohort to investigate enteric pathogens and malnutrition in children, Dili, Timor-Leste",PLOS ONE,0,Journal Article,https://doi.org/10.1371/journal.pone.0296774
2024-01-16,Antonino Polizzi,Working-age mortality is still an important driver of stagnating life expectancy in the United States,Proceedings of the National Academy of Sciences,9,Journal Article,https://doi.org/10.1073/pnas.2318276121
2023-12-22,Wen Su,Interpregnancy weight change and risks of stillbirth and infant mortality: a protocol of a systematic review and meta-analysis,BMJ Open,2,Journal Article,https://doi.org/10.1136/bmjopen-2023-080757
2023-12-13,Édith Darin,Building footprint data for countries in Africa: to what extent are existing data products comparable?,Preprint,0,Preprint,https://doi.org/10.21203/rs.3.rs-3334423/v2
2023-12-08,Jakub Bijak,Mapping secondary data gaps for social simulation modelling: A case study of Syrian asylum migration to Europe,Open Research Europe,0,Journal Article,https://doi.org/10.12688/openreseurope.15583.1
2023-12-01,Antonino Polizzi,Lifetime risk of maternal near miss morbidity: a novel indicator of maternal health,International Journal of Epidemiology,7,Journal Article,https://doi.org/10.1093/ije/dyad169
2023-11-04,Ilya Kashnitsky,Urban and rural disparities in life expectancy drops during the COVID-19 pandemic were not uniform across European countries,Preprint,0,Preprint,https://doi.org/10.31219/osf.io/7rwck
2023-10-31,Ilya Kashnitsky,The origins of foreign-born populations in Denmark and Sweden,Preprint,0,Preprint,https://doi.org/10.31219/osf.io/8x5gs
2023-10-20,Jakub Bijak,Investigating immersion and migration decisions for agent-based modelling: A cautionary tale,Open Research Europe,1,Journal Article,https://doi.org/10.12688/openreseurope.15581.2
2023-10-13,Wen Su,Gestational weight loss and fetal growth in uncomplicated pregnancies among women with obesity: a population-based retrospective cohort study,International Journal of Obesity,9,Journal Article,https://doi.org/10.1038/s41366-023-01382-6
2023-10-13,Melinda Mills,"A pronatalist turn in population policies in Iran and its likely adverse impacts on reproductive rights, health and inequality: a critical narrative review",Sexual and Reproductive Health Matters,22,Journal Article,https://doi.org/10.1080/26410397.2023.2257075
2023-09-08,Aashish Gupta,Widow and Widower Mortality in India,Preprint,0,Preprint,https://doi.org/10.31235/osf.io/9ty4z
2023-09-07,Édith Darin,Building footprint data for countries in Africa: to what extent are existing data products comparable?,Preprint,1,Preprint,https://doi.org/10.21203/rs.3.rs-3334423/v1
2023-09-04,Wen Su,Screening for postpartum depression and risk of suicidality with obstetrical patients: a cross-sectional survey,BMC Pregnancy and Childbirth,6,Journal Article,https://doi.org/10.1186/s12884-023-05903-z
2023-07-22,José Manuel Aburto,Changes in fertility in the wake of the homicide surge in Mexico,Preprint,2,Preprint,https://doi.org/10.31235/osf.io/mf9eb
2023-07-14,Wen Su,Interventions for intimate partner violence during the perinatal period: a scoping review protocol,BMJ Open,2,Journal Article,https://doi.org/10.1136/bmjopen-2022-065560
2023-07-10,Hannaliis Jaadla,Fatal Places? Contextual Effects on Infant and Child Mortality in Early Twentieth Century England and Wales,Social Science History,4,Journal Article,https://doi.org/10.1017/ssh.2023.5
2023-07-03,Cecilia Lindgren,Exome-wide evidence of compound heterozygous effects across common phenotypes in the UK Biobank,Preprint,2,Preprint,https://doi.org/10.1101/2023.06.29.23291992
2023-06-29,Sander Wagner,Elderly patients with chronic kidney disease: towards a better control of protein intake,Nephrology Dialysis Transplantation,3,Journal Article,https://doi.org/10.1093/ndt/gfad129
2023-06-27,José Manuel Aburto,Contributions of age groups and causes of death to the sex gap in lifespan variation in Europe,Population Studies,13,Journal Article,https://doi.org/10.1080/00324728.2023.2222723
2023-05-29,Aashish Gupta,Large and unequal life expectancy declines during the COVID-19 pandemic in India in 2020,Preprint,0,Preprint,https://doi.org/10.31235/osf.io/8juds
2023-05-19,Douglas Leasure,War and Migration: Quantifying the Russian exodus through Yandex search trends,Preprint,1,Preprint,https://doi.org/10.31235/osf.io/92zam
2023-05-02,Wen Su,Maternal glucose levels and future risk of developing cardiovascular disease: a systematic review and meta-analysis protocol,BMJ Open,0,Journal Article,https://doi.org/10.1136/bmjopen-2022-069251
2023-04-26,José Manuel Aburto,Reversals in past long-term trends in educational inequalities in life expectancy for selected European countries,Journal of Epidemiology and Community Health,18,Journal Article,https://doi.org/10.1136/jech-2023-220385
2023-04-06,Douglas Leasure,Nowcasting Daily Population Displacement in Ukraine through Social Media Advertising Data,Population and Development Review,35,Journal Article,https://doi.org/10.1111/padr.12558
2023-03-29,Antonino Polizzi,The Long-term Effects of the COVID-19 Pandemic on U.S. Population Structure,Preprint,0,Preprint,https://doi.org/10.31235/osf.io/rqn9j
2023-03-28,Douglas Leasure,Social cartography and satellite-derived building coverage for post-census population estimates in difficult-to-access regions of Colombia,Population Studies,4,Journal Article,https://doi.org/10.1080/00324728.2023.2190151
2023-03-14,José Manuel Aburto,Lifetime risk of maternal near miss morbidity: A novel indicator of maternal health,Preprint,1,Preprint,https://doi.org/10.1101/2023.03.09.23287053
2023-03-09,David Kirk,Liver and cardiometabolic markers and conditions in a cross-sectional study of three Australian communities living with environmental per- and polyfluoroalkyl substances contamination,Environmental Research,8,Journal Article,https://doi.org/10.1016/j.envres.2023.115621
2023-03-02,Hannaliis Jaadla,Determinants of Fertility During the Fertility Transition in Estonia: A Spatial Analysis,Spatial Demography,1,Journal Article,https://doi.org/10.1007/s40980-023-00116-6
2023-03-01,Wen Su,The COVID-19 pandemic and parental substance use: a cross-sectional survey of substance use among pregnant and post-partum individuals and their partners,Journal of Substance Use,2,Journal Article,https://doi.org/10.1080/14659891.2023.2183148
2023-02-24,Hannaliis Jaadla,Social inequalities in famine mortality in the manorial system of the tsarist Russian province of Livland in the mid‐1840s,The Economic History Review,5,Journal Article,https://doi.org/10.1111/ehr.13246
2023-02-22,Ilya Kashnitsky,Non-survival to pension age in Denmark and Sweden: a sub-national investigation,Preprint,1,Preprint,https://doi.org/10.31219/osf.io/y9ke4
2023-02-20,Jakub Bijak,Investigating immersion and migration decisions for agent-based modelling: A cautionary tale,Open Research Europe,2,Journal Article,https://doi.org/10.12688/openreseurope.15581.1
2023-02-13,David Kirk,Team effectiveness: epidemiologists’ perception of collective performance during emergency response,BMC Health Services Research,1,Journal Article,https://doi.org/10.1186/s12913-023-09126-y
2023-02-03,José Manuel Aburto,A global assessment of the impact of violence on lifetime uncertainty,Science Advances,18,Journal Article,https://doi.org/10.1126/sciadv.add9038
2023-02-02,David Kirk,Does 2x2 airplane passenger contact tracing for infectious respiratory pathogens work? A systematic review of the evidence,PLOS ONE,4,Journal Article,https://doi.org/10.1371/journal.pone.0264294
2023-01-30,Daniel Zazueta-Borboa,Desigualdades socioeconómicas y étnico-raciales en la mortalidad de un hijo durante su niñez en México. ¿Qué tanto importa el color de la piel?,Revista Brasileira de Estudos de População,1,Journal Article,https://doi.org/10.20947/s0102-3098a0231
2023-01-11,Cecilia Lindgren,The genetic architecture of changes in adiposity during adulthood,Preprint,5,Preprint,https://doi.org/10.1101/2023.01.09.23284364
2023-01-11,Sander Wagner,Association between eating behaviour and 13-year cardiovascular damages in the initially healthy STANISLAS cohort,European Journal of Preventive Cardiology,9,Journal Article,https://doi.org/10.1093/eurjpc/zwac287
2022-12-21,Wen Su,Intentional gestational weight loss among women with obesity and fetal growth: a population-based retrospective cohort study,Preprint,0,Preprint,https://doi.org/10.21203/rs.3.rs-2363177/v1
2022-12-09,Aashish Gupta,Estimates of pandemic excess mortality in India based on civil registration data,PLOS Global Public Health,22,Journal Article,https://doi.org/10.1371/journal.pgph.0000803
2022-11-16,Aashish Gupta,Social disadvantage and child mortality in India: 1993 – 2019,Preprint,0,Preprint,https://doi.org/10.31235/osf.io/5jqcn
2022-11-10,David Kirk,Genomic Diversity of Campylobacter lari Group Isolates from Europe and Australia in a One Health Context,Applied and Environmental Microbiology,14,Journal Article,https://doi.org/10.1128/aem.01368-22
2022-10-19,Aashish Gupta,"Uncertainty about maternal mortality in India:  New, higher estimates from the National Family Health Survey-4",Preprint,3,Preprint,https://doi.org/10.31235/osf.io/8as72
2022-10-17,Douglas Leasure,“UPDATE: I’m pregnant!”: Inferring Global Use of Fertility Tracking Apps,Preprint,4,Preprint,https://doi.org/10.31235/osf.io/2va3n
2022-10-17,Ilya Kashnitsky,Life expectancy changes since COVID-19,Nature Human Behaviour,218,Journal Article,https://doi.org/10.1038/s41562-022-01450-3
2022-09-26,David Kirk,Associations between serum perfluoroalkyl acid (PFAA) concentrations and health related biomarkers in firefighters,Environmental Research,11,Journal Article,https://doi.org/10.1016/j.envres.2022.114370
2022-09-08,José Manuel Aburto,Socio-demographic inequalities and excess non-COVID-19 mortality during the COVID-19 pandemic: a data-driven analysis of 1 069 174 death certificates in Mexico,International Journal of Epidemiology,35,Journal Article,https://doi.org/10.1093/ije/dyac184
2022-08-23,José Manuel Aburto,Significant impacts of the COVID-19 pandemic on race/ethnic differences in US mortality,Proceedings of the National Academy of Sciences,68,Journal Article,https://doi.org/10.1073/pnas.2205813119
2022-08-22,Melinda Mills,From bust to boom? Birth and fertility responses to the COVID-19 pandemic,Preprint,14,Preprint,https://doi.org/10.31235/osf.io/87acb
2022-08-22,Douglas Leasure,Population genomic monitoring provides insight into conservation status but no correlation with demographic estimates of extinction risk in a threatened trout,Evolutionary Applications,3,Journal Article,https://doi.org/10.1111/eva.13473
2022-08-19,José Manuel Aburto,Unequal impact of the COVID-19 pandemic in 2020 on life expectancy across urban areas in Chile: a cross-sectional demographic study,BMJ Open,16,Journal Article,https://doi.org/10.1136/bmjopen-2021-059201
2022-08-05,José Manuel Aburto,Evaluation of age-specific causes of death in the context of the Italian longevity transition,Preprint,0,Preprint,https://doi.org/10.31235/osf.io/t7ms9
2022-08-02,Ilya Kashnitsky,Probability of males to outlive females: an international comparison from 1751 to 2020,BMJ Open,11,Journal Article,https://doi.org/10.1136/bmjopen-2021-059964
2022-08-01,Wen Su,Global prevalence of non-tuberculous mycobacteria in adults with non-cystic fibrosis bronchiectasis 2006–2021: a systematic review and meta-analysis,BMJ Open,69,Journal Article,https://doi.org/10.1136/bmjopen-2021-055672
2022-07-29,Wen Su,Impact of COVID-19 pandemic on emergency department visits and infant health: a scoping review protocol,BMJ Open,1,Journal Article,https://doi.org/10.1136/bmjopen-2022-061778
2022-07-23,Douglas Leasure,Social cartography and satellite-derived building coverage for post-census population estimates in difficult-to-access regions of Colombia,Preprint,0,Preprint,https://doi.org/10.31235/osf.io/4k8n2
2022-07-21,Douglas Leasure,How accurate are WorldPop-Global-Unconstrained gridded population data at the cell-level?: A simulation analysis in urban Namibia,PLOS ONE,25,Journal Article,https://doi.org/10.1371/journal.pone.0271504
2022-06-16,Antonino Polizzi,"Implications of rising female reproductive-age mortality for fertility in the United States, 2010–2019",Preprint,1,Preprint,https://doi.org/10.31235/osf.io/fdj6y
2022-05-23,José Manuel Aburto,Coding of Obesity-related Mortality Impacts Estimates of Obesity on U.S. Life Expectancy,Preprint,2,Preprint,https://doi.org/10.1101/2022.05.16.22275140
2022-05-20,José Manuel Aburto,A global assessment of the impact of violence on lifetime uncertainty,Preprint,0,Preprint,https://doi.org/10.31235/osf.io/dzj4a
2022-05-18,José Manuel Aburto,"Sociodemographic inequalities and excess non-COVID-19 mortality during the COVID-19 pandemic: A data-driven analysis of 1,069,174 death certificates in Mexico",Preprint,0,Preprint,https://doi.org/10.1101/2022.05.12.22274973
2022-05-12,Hannaliis Jaadla,Sündimuse ruumilised mustrid ja selle põhjused Eestis demograafilise ülemineku ajal,Acta Historica Tallinnensia,0,Journal Article,https://doi.org/10.3176/hist.2022.1.05
2022-05-10,José Manuel Aburto,A distributional approach to measuring lifespan stratification,Population Studies,12,Journal Article,https://doi.org/10.1080/00324728.2022.2057576
2022-05-10,Douglas Leasure,Nowcasting daily population displacement in Ukraine through social media advertising data,Preprint,6,Preprint,https://doi.org/10.31235/osf.io/6j9wq
2022-05-07,Wen Su,Association of immediate reinsertion of new catheters with subsequent mortality among patients with suspected catheter infection: a cohort study,Annals of Intensive Care,8,Journal Article,https://doi.org/10.1186/s13613-022-01014-8
2022-04-29,Ilya Kashnitsky,Socioeconomic inequalities in survival to retirement age: a register-based analysis,Preprint,7,Preprint,https://doi.org/10.31219/osf.io/8wbdv
2022-04-21,Douglas Leasure,Digital and Computational Demography,Preprint,8,Preprint,https://doi.org/10.31235/osf.io/7bvpt
2022-04-17,Antonino Polizzi,Using Singular Value Decomposition to Understand Variation Across Mortality Schedules from Multiple Populations,Preprint,0,Preprint,https://doi.org/10.31235/osf.io/uqwxj
2022-04-11,David Kirk,"Leadership, politics, and communication: challenges of the epidemiology workforce during emergency response",Human Resources for Health,9,Journal Article,https://doi.org/10.1186/s12960-022-00727-y
2022-04-05,Aashish Gupta,Large and Persistent Life Expectancy Disparities between India's Social Groups,Population and Development Review,19,Journal Article,https://doi.org/10.1111/padr.12489
2022-04-04,José Manuel Aburto,Significant impacts of the COVID-19 pandemic on race/ethnic differences in USA mortality,Preprint,6,Preprint,https://doi.org/10.1101/2022.04.04.22273385
2022-04-01,Douglas Leasure,How Accurate are WorldPop-Global-Unconstrained Gridded Population Data at the Cell-Level?: A Simulation Analysis in Urban Namibia,Preprint,5,Preprint,https://doi.org/10.20944/preprints202102.0492.v3
2022-03-14,José Manuel Aburto,Life expectancy declines in Russia during the COVID-19 pandemic in 2020,International Journal of Epidemiology,13,Journal Article,https://doi.org/10.1093/ije/dyac055
2022-03-14,Wen Su,The influence of maternal and paternal education on birth outcomes: an analysis of the Ottawa and Kingston (OaK) birth cohort,The Journal of Maternal-Fetal &amp; Neonatal Medicine,7,Journal Article,https://doi.org/10.1080/14767058.2022.2049751
2022-03-14,Édith Darin,High-resolution population estimation using household survey data and building footprints,Nature Communications,73,Journal Article,https://doi.org/10.1038/s41467-022-29094-x
2022-03-02,Sander Wagner,Association of Serum Phosphate with Efficacy of Statin Therapy in Hemodialysis Patients,Clinical Journal of the American Society of Nephrology,21,Journal Article,https://doi.org/10.2215/cjn.12620921
2022-03-02,Aashish Gupta,"Social disadvantage, economic inequality, and life expectancy in nine Indian states",Proceedings of the National Academy of Sciences,30,Journal Article,https://doi.org/10.1073/pnas.2109226119
2022-02-24,José Manuel Aburto,Bounce backs amid continued losses: Life expectancy changes since COVID-19,Preprint,13,Preprint,https://doi.org/10.1101/2022.02.23.22271380
2022-02-24,Jakub Bijak,How safe is this trip? Judging personal safety in a pandemic based on information from different sources.,Journal of Experimental Psychology: Applied,2,Journal Article,https://doi.org/10.1037/xap0000415
2022-02-15,Wen Su,"Folic Acid Supplementation in Early Pregnancy, Homocysteine Concentration, and Risk of Gestational Diabetes Mellitus",Journal of Obstetrics and Gynaecology Canada,5,Journal Article,https://doi.org/10.1016/j.jogc.2021.06.005
2022-02-10,David Kirk,Does 2×2 airplane passenger contact tracing for infectious respiratory pathogens work? A systematic review of the evidence,Preprint,0,Preprint,https://doi.org/10.1101/2022.02.09.22270715
2022-02-08,David Kirk,"COVID-19 outbreaks in Australia during a period of high epidemic control, 2020",Preprint,0,Preprint,https://doi.org/10.1101/2022.02.07.22270575
2022-02-01,Wen Su,"Association of maternal socioeconomic status and race with risk of congenital heart disease: a population-based retrospective cohort study in Ontario, Canada",BMJ Open,16,Journal Article,https://doi.org/10.1136/bmjopen-2021-051020
2022-02-01,Cecilia Lindgren,Obesity and risk of female reproductive conditions: A Mendelian randomisation study,PLOS Medicine,149,Journal Article,https://doi.org/10.1371/journal.pmed.1003679
2022-01-11,Cecilia Lindgren,A Saturated Map of Common Genetic Variants Associated with Human Height from 5.4 Million Individuals of Diverse Ancestries,Preprint,6,Preprint,https://doi.org/10.1101/2022.01.07.475305
2022-01-10,Aashish Gupta,Assessing mortality registration in Kerala: the MARANAM study,Genus,6,Journal Article,https://doi.org/10.1186/s41118-021-00149-z
2021-12-10,José Manuel Aburto,The unequal impact of the COVID-19 pandemic on life expectancy across Chile,Preprint,1,Preprint,https://doi.org/10.1101/2021.12.08.21267475
2021-12-01,José Manuel Aburto,The Cross-sectional Average Inequality in Lifespan (CAL†): A Lifespan Variation Measure That Reflects the Mortality Histories of Cohorts,Demography,19,Journal Article,https://doi.org/10.1215/00703370-9637380
2021-12-01,Cecilia Lindgren,Response to comment on “Evaluating the cardiovascular safety of sclerostin inhibition using evidence from meta-analysis of clinical trials and human genetics”,Science Translational Medicine,4,Journal Article,https://doi.org/10.1126/scitranslmed.abf4530
2021-11-09,Jakub Bijak,A Framework for Estimating Migrant Stocks Using Digital Traces and Survey Data: An Application in the United Kingdom,Demography,34,Journal Article,https://doi.org/10.1215/00703370-9578562
2021-11-01,Ilya Kashnitsky,Life expectancy declines in Russia during the COVID-19 pandemic in 2020,Preprint,1,Preprint,https://doi.org/10.31219/osf.io/7cuvy
2021-10-20,Jakub Bijak,Toward an Early Warning System for Monitoring Asylum-Related Migration Flows in Europe,International Migration Review,22,Journal Article,https://doi.org/10.1177/01979183211035736
2021-10-01,Ilya Kashnitsky,"Assessing the Burden of COVID-19 in Developing Countries: Systematic Review, Meta-Analysis, and Public Policy Implications",Preprint,13,Preprint,https://doi.org/10.1101/2021.09.29.21264325
2021-09-28,Ilya Kashnitsky,"What is life expectancy? And, even more important, what it isn't",Preprint,0,Preprint,https://doi.org/10.31219/osf.io/s2nrp
2021-09-24,José Manuel Aburto,A radically simple way to monitor life expectancy,Preprint,0,Preprint,https://doi.org/10.31219/osf.io/g9mxt
2021-09-22,David Kirk,Performance of hospital-based contact tracing for COVID-19 during Australia's second wave,"Infection, Disease &amp; Health",5,Journal Article,https://doi.org/10.1016/j.idh.2021.09.001
2021-09-17,Wen Su,Effectiveness of Telehealth Interventions for Women With Postpartum Depression: Systematic Review and Meta-analysis,JMIR mHealth and uHealth,71,Journal Article,https://doi.org/10.2196/32544
2021-09-14,Wen Su,Paternal weight prior to conception and infant birthweight: a prospective cohort study,Nutrition &amp; Diabetes,14,Journal Article,https://doi.org/10.1038/s41387-021-00172-1
2021-09-08,José Manuel Aburto,Quantifying impacts of the COVID-19 pandemic through life-expectancy losses: a population-level study of 29 countries,International Journal of Epidemiology,293,Journal Article,https://doi.org/10.1093/ije/dyab207
2021-08-25,Daniel Zazueta-Borboa,Determinantes de gastos en salud durante el último año de vida de la población mexicana de 50 años o más,Papeles de Población,1,Journal Article,https://doi.org/10.22185/24487147.2020.105.20
2021-08-05,Melinda Mills,"Drastic changes in fertility level and timing in response to marriage and fertility policies: evidence from Shandong province, China",China Population and Development Studies,3,Journal Article,https://doi.org/10.1007/s42379-021-00089-3
2021-08-04,Wen Su,Effectiveness of Telehealth Interventions for Women With Postpartum Depression: Systematic Review and Meta-analysis (Preprint),Preprint,0,Preprint,https://doi.org/10.2196/preprints.32544
2021-07-29,Aashish Gupta,Survey evidence of excess mortality in Bihar in the second COVID-19 surge,Preprint,5,Preprint,https://doi.org/10.31235/osf.io/zxq97
2021-07-21,Cecilia Lindgren,"Linking the
            <i>FTO</i>
            obesity rs1421085 variant circuitry to cellular, metabolic, and organismal phenotypes in vivo",Science Advances,33,Journal Article,https://doi.org/10.1126/sciadv.abg0108
2021-06-16,José Manuel Aburto,The long lives of primates and the ‘invariant rate of ageing’ hypothesis,Nature Communications,78,Journal Article,https://doi.org/10.1038/s41467-021-23894-3
2021-05-27,Wen Su,COVID-19 and perinatal intimate partner violence: a cross-sectional survey of pregnant and postpartum individuals in the early stages of the COVID-19 pandemic,BMJ Open,24,Journal Article,https://doi.org/10.1136/bmjopen-2021-049295
2021-05-25,Aashish Gupta,The scale of Gujarat’s mortality crisis,Preprint,2,Preprint,https://doi.org/10.31235/osf.io/2wae5
2021-05-18,Douglas Leasure,How accurate are WorldPop-Global-Unconstrained gridded population data at the cell-level?: A simulation analysis in urban Namibia,Preprint,1,Preprint,https://doi.org/10.20944/preprints202102.0492.v2
2021-05-14,José Manuel Aburto,Divergent Trends of Lifespan Variation During Mortality Crises,Preprint,0,Preprint,https://doi.org/10.31235/osf.io/ze57r
2021-05-10,Ilya Kashnitsky,Death rates at specific life stages mold the sex gap in life expectancy,Proceedings of the National Academy of Sciences,73,Journal Article,https://doi.org/10.1073/pnas.2010588118
2021-05-04,Aashish Gupta,"Social disadvantage, economic inequality, and life expectancy in nine Indian states",Preprint,3,Preprint,https://doi.org/10.31235/osf.io/vkacx
2021-04-29,David Kirk,"Shaping applied epidemiology workforce training to strengthen emergency response: a global survey of applied epidemiologists, 2019–2020",Human Resources for Health,20,Journal Article,https://doi.org/10.1186/s12960-021-00603-1
2021-04-12,Hannaliis Jaadla,The effect of parental loss on child survival in nineteenth century rural Estonia,The History of the Family,3,Journal Article,https://doi.org/10.1080/1081602x.2021.1905022
2021-04-05,José Manuel Aburto,The cross-sectional average inequality in lifespan (CAL†): A lifespan variation measure that reflects the mortality histories of cohorts,Preprint,0,Preprint,https://doi.org/10.31235/osf.io/vtz3u
2021-03-24,Melinda Mills,Baby bust in the wake of the COVID-19 pandemic? First results from the new STFF data series,Preprint,48,Preprint,https://doi.org/10.31235/osf.io/mvy62
2021-03-03,Ilya Kashnitsky,Quantifying impacts of the COVID-19 pandemic through life expectancy losses: a population-level study of 29 countries,Preprint,24,Preprint,https://doi.org/10.1101/2021.03.02.21252772
2021-03-01,José Manuel Aburto,A distributional approach to measuring lifespan stratification,Preprint,1,Preprint,https://doi.org/10.31235/osf.io/wb9pm
2021-02-23,Douglas Leasure,How Accurate are WorldPop-Global Gridded Population Data at the Cell-Level?: A Simulation Analysis in Urban Namibia,Preprint,0,Preprint,https://doi.org/10.20944/preprints202102.0492.v1
2021-02-15,José Manuel Aburto,"Uneven state distribution of homicides in Brazil and their effect on life expectancy, 2000–2015: a cross-sectional mortality study",BMJ Open,8,Journal Article,https://doi.org/10.1136/bmjopen-2020-044706
2021-02-08,Cecilia Lindgren,Publisher Correction: Sex-dimorphic genetic effects and novel loci for fasting glucose and insulin variability,Nature Communications,6,Journal Article,https://doi.org/10.1038/s41467-021-21276-3
2021-02-02,Daniel Zazueta-Borboa,Factors associated with pain at the end-of-life among older adults in Mexico,Public Health,6,Journal Article,https://doi.org/10.1016/j.puhe.2020.11.025
2021-01-23,Wen Su,Comparison of Adverse Maternal and Neonatal Outcomes in Women Affected by Placenta Previa With and Without a History of Cesarean Delivery: A Cohort Study,Journal of Obstetrics and Gynaecology Canada,2,Journal Article,https://doi.org/10.1016/j.jogc.2020.12.022
2021-01-19,José Manuel Aburto,"Estimating the burden of the COVID-19 pandemic on mortality, life expectancy and lifespan inequality in England and Wales: a population-level analysis",Journal of Epidemiology and Community Health,111,Journal Article,https://doi.org/10.1136/jech-2020-215505
2021-01-05,Cecilia Lindgren,Sex-dimorphic genetic effects and novel loci for fasting glucose and insulin variability,Nature Communications,117,Journal Article,https://doi.org/10.1038/s41467-020-19366-9
2020-12-31,Jakub Bijak,Paleodemographic analysis of age at death for a population of <scp>Black Sea Scythians</scp>: An exploration by using Bayesian methods,American Journal of Physical Anthropology,6,Journal Article,https://doi.org/10.1002/ajpa.24211
2020-12-30,Aashish Gupta,Assessing mortality registration in Kerala: The MARANAM Study,Preprint,0,Preprint,https://doi.org/10.31235/osf.io/jachq
2020-12-04,Ilya Kashnitsky,"Comparing bad apples to orange soda: Flaws and Errors in an Estimation of Years of Life Lost Associated With School Closures and COVID-19 deaths by Christakis, Van Cleve, and Zimmerman",Preprint,1,Preprint,https://doi.org/10.31219/osf.io/9yqxw
2020-11-25,Cecilia Lindgren,The genetic architecture of sporadic and multiple consecutive miscarriage,Nature Communications,97,Journal Article,https://doi.org/10.1038/s41467-020-19742-5
2020-11-24,Douglas Leasure,Using GIS and Machine Learning to Classify Residential Status of Urban Buildings in Low and Middle Income Settings,Remote Sensing,34,Journal Article,https://doi.org/10.3390/rs12233847
2020-11-08,Aashish Gupta,Pauses and reversals of infant mortality decline in India in 2017 and 2018,Preprint,2,Preprint,https://doi.org/10.31235/osf.io/aqrfn
2020-10-28,Wen Su,Coexistence of clinically significant obstructive sleep apnea with physician-diagnosed asthma or chronic obstructive pulmonary disease: A population study of prevalence and mortality,"Canadian Journal of Respiratory, Critical Care, and Sleep Medicine",2,Journal Article,https://doi.org/10.1080/24745332.2020.1828005
2020-10-20,José Manuel Aburto,The Linear Link: Deriving Age-Specific Death Rates from Life Expectancy,Risks,9,Journal Article,https://doi.org/10.3390/risks8040109
2020-10-20,Ilya Kashnitsky,Not all females outlive all males: A new perspective on lifespan inequalities between sexes,Preprint,3,Preprint,https://doi.org/10.31235/osf.io/typws
2020-10-18,Ilya Kashnitsky,Outsurvival as a measure of the inequality of lifespans between two populations,Preprint,0,Preprint,https://doi.org/10.31235/osf.io/gsdkx
2020-09-29,Hannaliis Jaadla,Height and health in late eighteenth-century England,Population Studies,8,Journal Article,https://doi.org/10.1080/00324728.2020.1823011
2020-09-28,Cecilia Lindgren,Genome-wide association study identifies 48 common genetic variants associated with handedness,Nature Human Behaviour,108,Journal Article,https://doi.org/10.1038/s41562-020-00956-y
2020-09-23,Melinda Mills,"Uncertain population futures: Critical reflections on the IHME Scenarios of future fertility, mortality, migration and population trends from 2017 to 2100",Preprint,14,Preprint,https://doi.org/10.31235/osf.io/5syef
2020-09-21,Aashish Gupta,Gender and LPG use after government intervention in rural north India,Preprint,2,Preprint,https://doi.org/10.31235/osf.io/3v4cj
2020-09-16,Ilya Kashnitsky,Changing regional inequalities in ageing across Europe,Preprint,0,Preprint,https://doi.org/10.31219/osf.io/6m4kg
2020-09-15,Douglas Leasure,National population mapping from sparse survey data: A hierarchical Bayesian modeling framework to account for uncertainty,Proceedings of the National Academy of Sciences,68,Journal Article,https://doi.org/10.1073/pnas.1913050117
2020-09-09,Aashish Gupta,Large and persistent life expectancy disparities between India’s social groups,Preprint,4,Preprint,https://doi.org/10.31235/osf.io/hu8t9
2020-08-14,Cecilia Lindgren,Machine Learning based histology phenotyping to investigate the epidemiologic and genetic basis of adipocyte morphology and cardiometabolic traits,PLOS Computational Biology,31,Journal Article,https://doi.org/10.1371/journal.pcbi.1008044
2020-08-14,Cecilia Lindgren,Assessing the efficacy and safety of angiotensinogen inhibition using human genetics,Preprint,0,Preprint,https://doi.org/10.1101/2020.08.13.20174094
2020-08-04,Antonino Polizzi,Family Demographic Processes and In-Work Poverty: A Systematic Review,Preprint,0,Preprint,https://doi.org/10.31235/osf.io/zncaq
2020-07-23,Ilya Kashnitsky,Unequally ageing regions of Europe: Exploring the role of urbanization,Population Studies,24,Journal Article,https://doi.org/10.1080/00324728.2020.1788130
2020-07-22,José Manuel Aburto,Diversification in causes of death in low-mortality countries: emerging patterns and implications,BMJ Global Health,33,Journal Article,https://doi.org/10.1136/bmjgh-2020-002414
2020-07-19,Cecilia Lindgren,Genetic inhibition of interleukin-6 receptor signaling and Covid-19,Preprint,2,Preprint,https://doi.org/10.1101/2020.07.17.20155242
2020-07-09,Wen Su,Resting Energy Expenditure Guided Intervention for Gestational Weight Gain in Obese and Overweight Women,Preprint,0,Preprint,https://doi.org/10.21203/rs.3.rs-38597/v1
2020-07-02,Wen Su,Risk of Adverse Cardiovascular Events Following a Myocardial Infarction in Patients Receiving Combined Clopidogrel and Proton Pump Inhibitor Treatment: A Nested Case–Control Study,Drugs - Real World Outcomes,7,Journal Article,https://doi.org/10.1007/s40801-020-00204-9
2020-06-25,Wen Su,Association Between Alcohol use in Pregnancy and Preeclampsia or Hypertension in Pregnancy: A Systematic Review,Preprint,3,Preprint,https://doi.org/10.21203/rs.3.rs-36772/v1
2020-06-24,Cecilia Lindgren,Evaluating the cardiovascular safety of sclerostin inhibition using evidence from meta-analysis of clinical trials and human genetics,Science Translational Medicine,96,Journal Article,https://doi.org/10.1126/scitranslmed.aay6570
2020-06-02,Wen Su,Feasibility and Preliminary Results of Effectiveness of Social Media-based Intervention on the Psychological Well-being of Suspected COVID-19 Cases during Quarantine,The Canadian Journal of Psychiatry,20,Journal Article,https://doi.org/10.1177/0706743720932041
2020-05-26,Melinda Mills,"Age, gender and COVID-19 infections",Preprint,40,Preprint,https://doi.org/10.1101/2020.05.24.20111765
2020-05-19,Aashish Gupta,Measuring excess mortality during the COVID-19 pandemic in low- and lower-middle income countries: the need for mobile phone surveys,Preprint,7,Preprint,https://doi.org/10.31235/osf.io/4bu3q
2020-05-19,Aashish Gupta,"Caste, Religion, and Mental Health in India",Population Research and Policy Review,30,Journal Article,https://doi.org/10.1007/s11113-020-09585-9
2020-04-19,Aashish Gupta,Seasonal variation in infant mortality in India,Preprint,0,Preprint,https://doi.org/10.31235/osf.io/x4rv7
2020-04-03,Melinda Mills,The Great Recession and Fertility in Europe: A Sub-national Analysis,European Journal of Population,130,Journal Article,https://doi.org/10.1007/s10680-020-09556-y
2020-03-21,Ilya Kashnitsky,"Forecasting spatial, socioeconomic and demographic variation in COVID-19 health care demand in England and Wales",Preprint,2,Preprint,https://doi.org/10.31219/osf.io/g8s96
2020-03-19,Ilya Kashnitsky,Unequally ageing regions of Europe: Exploring the role of urbanization,Preprint,2,Preprint,https://doi.org/10.31219/osf.io/hj28v
2020-03-17,Ilya Kashnitsky,COVID-19 in unequally ageing European regions,Preprint,11,Preprint,https://doi.org/10.31219/osf.io/abx7s
2020-02-19,Wen Su,Racial differences in contribution of prepregnancy obesity and excessive gestational weight gain to large-for-gestational-age neonates,International Journal of Obesity,3,Journal Article,https://doi.org/10.1038/s41366-020-0543-5
2020-02-18,Wen Su,Effect of high-dose folic acid supplementation on the prevention of preeclampsia in twin pregnancy,The Journal of Maternal-Fetal &amp; Neonatal Medicine,10,Journal Article,https://doi.org/10.1080/14767058.2020.1725882
2020-01-24,Hannaliis Jaadla,"Socio-economic status and fertility in an urban context at the end of the nineteenth century: a linked records study from Tartu, Estonia",The History of the Family,2,Journal Article,https://doi.org/10.1080/1081602x.2020.1712661
2020-01-23,Cecilia Lindgren,Commentary: Using human genetics to guide the repurposing of medicines,International Journal of Epidemiology,4,Journal Article,https://doi.org/10.1093/ije/dyaa015
2020-01-10,Cecilia Lindgren,Colocalization highlights genes in hypothalamic–pituitary–gonadal axis as potentially mediating polycystic ovary syndrome risk,Preprint,0,Preprint,https://doi.org/10.1101/2020.01.10.901116
2020-01-09,Cecilia Lindgren,Genome-wide association and Mendelian randomisation analysis provide insights into the pathogenesis of heart failure,Nature Communications,732,Journal Article,https://doi.org/10.1038/s41467-019-13690-5
